city_name,avg_fare_perkm,avg_fare_pertrip,total_trips,percent_contribution
Jaipur,16.1182,483.9181,76888,18.05294
Lucknow,11.7622,147.1804,64299,15.09710
Surat,10.6638,117.2729,54843,12.87688
Kochi,13.9305,335.2451,50702,11.90459
Indore,10.8977,179.8386,42456,9.96847
Chandigarh,12.0622,283.6870,38981,9.15255
Vadodara,10.2942,118.5662,32026,7.51955
Visakhapatnam,12.5332,282.6723,28366,6.66020
Coimbatore,11.1476,166.9822,21104,4.95512
Mysore,15.1366,249.7072,16238,3.81261
